"Object ID,Name,Institution,""Written for"",Sender,Receiver,Date,""Recommendation Type"",""[Sender] Sub-Object ID"",""[Receiver] Sub-Object ID"",""[Written for] Sub-Object ID"",""[Other Person] Sub-Object ID"""
"9369568,1909-09-30,""Hebrew Uni Abgelehnt"",""Brieger Richard"",""Weigert E."",""Brieger Richard"",1909-09-30,X,15975590,15975589,15975588,"
"9369569,1910-03-31,""Hebrew Uni Abgelehnt"",""Brieger Richard"",""Guttmann Julius C."",""Brieger Richard"",1910-03-31,X,15975593,15975592,15975591,"
"9369571,1913-12-31,""Hebrew Uni Abgelehnt"",""Brieger Richard"",Nentwig,""Brieger Richard"",1913-12-31,X,15975596,15975595,15975594,"
"9369500,1917-05-18,""Hebrew Uni Abgelehnt"",""Baller Robert Adolf"",""Meder Hofrat Dr."",""Baller Robert Adolf"",1917-05-18,X,15975497,15975496,15975495,"
"9371386,1919-07-25,""Hebrew Uni Abgelehnt"",Wolff-Eisner,""Lewandowski F."",Wolff-Eisner,1919-07-25,X,15978669,15978668,15978667,"
"9371376,1919-07-25,""Hebrew Uni Abgelehnt"",Wolff-Eisner,""Wassermann A. von"",Wolff-Eisner,1919-07-25,X,15978654,15978653,15978652,"
"9371383,1919-09-23,""Hebrew Uni Abgelehnt"",Wolff-Eisner,Flügge,Wolff-Eisner,1919-09-23,X,15978663,15978662,15978661,"
"9369573,1919-11-30,""Hebrew Uni Abgelehnt"",""Brieger Richard"",Bausch,""Brieger Richard"",1919-11-30,X,15975599,15975598,15975597,15975600"
"9369578,1920-07-05,""Hebrew Uni Abgelehnt"",""Brieger Richard"",""Baumheier R."",""Brieger Richard"",1920-07-05,X,15975606,15975605,15975604,"
"9369503,1921-01-26,""Hebrew Uni Abgelehnt"",""Baller Robert Adolf"",Wiser,""Baller Robert Adolf"",1921-01-26,X,15975503,15975502,15975501,"
"9369507,1921-11-26,""Hebrew Uni Abgelehnt"",""Baller Robert Adolf"",Pauer,""Baller Robert Adolf"",1921-11-26,X,15975507,15975506,15975505,"
"9369511,1921-12-03,""Hebrew Uni Abgelehnt"",""Baller Robert Adolf"",Romich,""Baller Robert Adolf"",1921-12-03,X,15975512,15975511,15975510,"
"7529648,1923-01-15,""Hebrew University"",""Frankel Max"",""Polak Jakob"",""Frankel Max"",1923-01-15,X,14132827,14132828,14132829,"
"9369515,1923-01-20,""Hebrew Uni Abgelehnt"",""Baller Robert Adolf"",Kraft,""Baller Robert Adolf"",1923-01-20,X,15975519,15975518,15975517,"
"7516697,1924-10-09,""Hebrew University"",""Leibowitz Jesaja"",""Pringsheim Hans"",""Fodor Andor"",1924-10-09,X,14132442,14132443,14132444,"
"7516696,1924-10-09,""Hebrew University"",""Leibowitz Jesaja"",""Pringsheim Hans"",""Fodor Andor"",1924-10-09,I,14132439,14132440,14132441,"
"7516698,1925-02-07,""Hebrew University"",""Leibowitz Jesaja"",""Pringsheim Hans"",""Kohn Hans"",1925-02-07,Y,14132445,14132446,14132447,"
"9369580,1925-03-02,""Hebrew Uni Abgelehnt"",""Brieger Richard"",""Bamberger Ernst A."",""Brieger Richard"",1925-03-02,X,15975609,15975608,15975607,"
"7516701,1925-09-03,""Hebrew University"",""Frankel Max"",""Schuloff Robert"",""Frankel Max"",1925-09-03,X,14132454,14132455,14132456,"
"7445649,1925-09-26,""Hebrew University"",""Bonné Alfred"",""von Zwiedineck-Sidenhorst Otto"",""Bonné Alfred"",1925-09-26,X,14096769,14096768,14097205,"
"9369584,1925-12-31,""Hebrew Uni Abgelehnt"",""Brieger Richard"",""Mayer Jo"",""Brieger Richard"",1925-12-31,X,15975615,15975614,15975613,"
"9369432,1926-03-31,""Hebrew Uni Abgelehnt"",""Ornstein Leonard Salomon"",""Consulat Royal des Pays Bas"",""Magnes Judah Leon"",1926-03-31,X,15975385,15975384,15975382,15975383"
"9371373,1926-10-14,""Hebrew Uni Abgelehnt"",Wolff-Eisner,Pfeiffer,""Notgemeinschaft der Dt. Wissenschaft"",1926-10-14,X,15978651,15978650,15978649,"
"7530022,1927-03-03,""Hebrew University"",""Reifenberg Adolf"",Ginzberg,""Zionist Organisation of Amerika"",1927-03-03,I,14132998,14132999,14133000,"
"7530021,1927-04-04,""Hebrew University"",""Reifenberg Adolf"",""Magnes Judah Leon"",""Friedman Elisha"",1927-04-04,I,14132995,14132996,14132997,"
"7530019,1927-04-04,""Hebrew University"",""Reifenberg Adolf"",""Magnes Judah Leon"",Zwingli,1927-04-04,I,14132990,14132993,14132992,"
"7530019,1927-04-04,""Hebrew University"",""Reifenberg Adolf"",""Magnes Judah Leon"",Zwingli,1927-04-04,I,14132990,14132994,14132992,"
"7530019,1927-04-04,""Hebrew University"",""Reifenberg Adolf"",""Magnes Judah Leon"",Zwingli,1927-04-04,I,14132990,14132991,14132992,"
"9369433,1927-11-02,""Hebrew Uni Abgelehnt"",""Kolthoff Izaak Maurits"",Ginzberg,""Ornstein Leonard Salomon"",1927-11-02,Z,15975389,15975388,15975386,15975387"
"7530025,1927-11-02,""Hebrew University"",""Kolthoff Izaak Maurits"",Ginzberg,""Ornstein Leonard Salomon"",1927-11-02,Z,14133009,14133010,14133011,14133012"
"7530025,1927-11-02,""Hebrew University"",""Kolthoff Izaak Maurits"",Ginzberg,""Ornstein Leonard Salomon"",1927-11-02,Z,14133009,14133010,14133011,14133013"
"7512476,1927-11-02,""Hebrew University"",""Klein Samuel"",""Kohut Alexander"",""Magnes Judah Leon"",1927-11-02,Y,14128852,14128851,14128850,14128853"
"7512476,1927-11-02,""Hebrew University"",""Klein Samuel"",""Kohut Alexander"",""Magnes Judah Leon"",1927-11-02,Y,14128852,14128851,14128850,14128854"
"9371971,1927-12-01,""Hebrew Uni Abgelehnt"",""Eisler Alfred"",Fromm,""Eisler Alfred"",1927-12-01,X,15979783,15979782,15979781,"
"7530018,1928-01-31,""Hebrew University"",""Reifenberg Adolf"",""Kligler Israel Jacob"",""Wiegner Georg"",1928-01-31,Z,14132986,14132987,14132988,14132989"
"7530017,1928-01-31,""Hebrew University"",""Reifenberg Adolf"",""Kligler Israel Jacob"",""Harrassowitz Hermann"",1928-01-31,Z,14132982,14132983,14132984,14132985"
"7512462,1928-02-03,""Hebrew University"",""Bodenheimer Friedrich Simon"",""Escherich Karl"",""Bodenheimer Friedrich Simon"",1928-02-03,X,14128816,14128815,14128814,"
"7530016,1928-02-20,""Hebrew University"",""Reifenberg Adolf"",""Wiegner Georg"",""Kligler Israel Jacob"",1928-02-20,X,14132979,14132980,14132981,"
"7530014,1928-02-22,""Hebrew University"",""Reifenberg Adolf"",""Harrassowitz Hermann"",""Kligler Israel Jacob"",1928-02-22,X,14132972,14132973,14132974,14132975"
"7529988,1928-03-12,""Hebrew University"",""Pflaum Heinz"",""Magnes Judah Leon"",""Hoffmann Ernst"",1928-03-12,Z,14132885,14132886,14132887,"
"7529987,1928-03-12,""Hebrew University"",""Pflaum Heinz"",""Magnes Judah Leon"",""Blondheim David S."",1928-03-12,Z,14132882,14132883,14132884,"
"7529986,1928-03-12,""Hebrew University"",""Pflaum Heinz"",""Magnes Judah Leon"",""Gundolf Friedrich"",1928-03-12,Z,14132879,14132880,14132881,"
"7529985,1928-03-12,""Hebrew University"",""Pflaum Heinz"",""Magnes Judah Leon"",""Olschki Leonardo"",1928-03-12,Z,14132876,14132877,14132878,"
"9371978,1928-03-17,""Hebrew Uni Abgelehnt"",""Eisler Alfred"",Loll,""Eisler Alfred"",1928-03-17,X,15979793,15979792,15979791,15979790"
"7529984,1928-03-22,""Hebrew University"",""Pflaum Heinz"",""Olschki Leonardo"",""Magnes Judah Leon"",1928-03-22,X,14132873,14132874,14132875,"
"7512461,1928-03-22,""Hebrew University"",""Bodenheimer Friedrich Simon"",""Hesse Richard"",""Warburg Otto"",1928-03-22,X,14128813,14128812,14128811,"
"9369438,1928-03-31,""Hebrew Uni Abgelehnt"",""Ettinger Meyer"",""Grohmann Adolf"",""Magnes Judah Leon"",1928-03-31,X,15975396,15975395,15975393,15975394"
"7529983,1928-04-10,""Hebrew University"",""Pflaum Heinz"",""Blondheim David S."",""Magnes Judah Leon"",1928-04-10,X,14132870,14132871,14132872,"
"7529982,1928-04-12,""Hebrew University"",""Pflaum Heinz"",""Gundolf Friedrich"",""Magnes Judah Leon"",1928-04-12,X,14132867,14132868,14132869,"
"9369442,1928-04-17,""Hebrew Uni Abgelehnt"",""Ettinger Meyer"",""Grünert Max"",""Magnes Judah Leon"",1928-04-17,X,15975403,15975402,15975400,15975401"
"7529662,1928-04-21,""Hebrew University"",""Pflaum Heinz"",""Hoffmann Ernst"",""Magnes Judah Leon"",1928-04-21,X,14132864,14132865,14132866,"
"7445377,1928-07-31,""Hebrew University"",""Fekete Michael"",""Fraenkel Adolf Abraham"",""Magnes Judah Leon"",1928-07-31,Y,14096539,14096538,14097056,14096535"
"9371974,1928-09-24,""Hebrew Uni Abgelehnt"",""Eisler Alfred"",Schnitzler,""Eisler Alfred"",1928-09-24,X,15979786,15979785,15979784,"
"7444951,1928-10-11,""Hebrew University"",""Chajoth Dr."",""Fraenkel Adolf Abraham"",""Magnes Judah Leon"",1928-10-11,Y,14096587,14096588,14097124,14096589"
"7444951,1928-10-11,""Hebrew University"",""Chajoth Dr."",""Fraenkel Adolf Abraham"",""Magnes Judah Leon"",1928-10-11,Y,14096587,14096588,14097124,14096590"
"7444951,1928-10-11,""Hebrew University"",""Chajoth Dr."",""Fraenkel Adolf Abraham"",""Magnes Judah Leon"",1928-10-11,Y,14096587,14096588,14097124,14096591"
"7512468,1928-10-22,""Hebrew University"",""Goitein Shlomo Dov"",""Horovitz Josef"",""Magnes Judah Leon"",1928-10-22,X,14128831,14128830,14128829,"
"7512456,1928-12-05,""Hebrew University"",""Fischel Walter Joseph"",""Billig Levi"",""Schloessinger M"",1928-12-05,Y,14128798,14128797,14128796,"
"7512473,1928-12-06,""Hebrew University"",""Bergmann Samuel Hugo"",""Einstein Albert"",""Weltsch Felix"",1928-12-06,X,14128843,14128842,14128841,"
"7530013,1929-05-23,""Hebrew University"",""Reifenberg Adolf"",""Ostwald Wolfgang"",""Reifenberg Adolf"",1929-05-23,X,14132969,14132970,14132971,"
"7530012,1929-06-07,""Hebrew University"",""Reifenberg Adolf"",""Schucht Friedrich Wilhelm"",""Fodor Andor"",1929-06-07,X,14132966,14132967,14132968,"
"7530011,1929-06-17,""Hebrew University"",""Reifenberg Adolf"",""Fodor Andor"",""Magnes Judah Leon"",1929-06-17,X,14132959,14132960,14132961,14132962"
"7530011,1929-06-17,""Hebrew University"",""Reifenberg Adolf"",""Fodor Andor"",""Magnes Judah Leon"",1929-06-17,X,14132959,14132960,14132961,14132963"
"7530011,1929-06-17,""Hebrew University"",""Reifenberg Adolf"",""Fodor Andor"",""Magnes Judah Leon"",1929-06-17,X,14132959,14132960,14132961,14132964"
"7530011,1929-06-17,""Hebrew University"",""Reifenberg Adolf"",""Fodor Andor"",""Magnes Judah Leon"",1929-06-17,X,14132959,14132960,14132961,14132965"
"9369447,1929-08-01,""Hebrew Uni Abgelehnt"",""Enriques Paolo"",""Adler Saul"",""Magnes Judah Leon"",1929-08-01,X,15975410,15975409,15975407,15975408"
"9369448,1930-01-11,""Hebrew Uni Abgelehnt"",""Enriques Paolo"",""Ornstein Leonard Salomon"",""Magnes Judah Leon"",1930-01-11,X,15975414,15975413,15975411,15975412"
"9369459,1930-01-27,""Hebrew Uni Abgelehnt"",Landsberg,""Magnes Judah Leon"",""Ornstein Leonard Salomon"",1930-01-27,Z,15975433,15975432,15975431,15975430"
"9369456,1930-01-27,""Hebrew Uni Abgelehnt"",Mandelstamm,""Magnes Judah Leon"",""Ornstein Leonard Salomon"",1930-01-27,Z,15975429,15975428,15975427,15975426"
"9369453,1930-01-27,""Hebrew Uni Abgelehnt"",Joffe,""Magnes Judah Leon"",""Ornstein Leonard Salomon"",1930-01-27,Z,15975425,15975424,15975423,15975422"
"9369465,1930-02-08,""Hebrew Uni Abgelehnt"",""Enriques Paolo"",Goldforb,""Warburg Otto"",1930-02-08,Y,15975448,15975447,15975446,15975442"
"9369465,1930-02-08,""Hebrew Uni Abgelehnt"",""Enriques Paolo"",Goldforb,""Warburg Otto"",1930-02-08,Y,15975448,15975447,15975446,15975444"
"9369465,1930-02-08,""Hebrew Uni Abgelehnt"",""Enriques Paolo"",Goldforb,""Warburg Otto"",1930-02-08,Y,15975448,15975447,15975446,15975445"
"9369465,1930-02-08,""Hebrew Uni Abgelehnt"",""Enriques Paolo"",Goldforb,""Warburg Otto"",1930-02-08,Y,15975448,15975447,15975446,15975443"
"9369474,1930-02-15,""Hebrew Uni Abgelehnt"",""Weiss Paul"",""Harrison Ross G."",Goldforb,1930-02-15,Y,15975463,15975462,15975461,15975460"
"9369472,1930-02-15,""Hebrew Uni Abgelehnt"",""Weber Dr."",""Harrison Ross G."",Goldforb,1930-02-15,Y,15975459,15975458,15975457,15975456"
"9369470,1930-02-15,""Hebrew Uni Abgelehnt"",""Enriques Paolo"",""Harrison Ross G."",Goldforb,1930-02-15,Y,15975455,15975454,15975453,15975452"
"9369475,1930-02-18,""Hebrew Uni Abgelehnt"",""Harrison Ross G."",Goldforb,""Warburg Otto"",1930-02-18,Y,15975466,15975465,15975464,"
"9369483,1930-03-07,""Hebrew Uni Abgelehnt"",""Krauss Dr."",""Magnes Judah Leon"",""Speiser E. A."",1930-03-07,Z,15975473,15975472,15975471,15975470"
"9369521,1930-03-31,""Hebrew Uni Abgelehnt"",""Baller Robert Adolf"",""Lampa Hofrat"",""Baller Robert Adolf"",1930-03-31,X,15975526,15975525,15975524,"
"9369517,1930-04-09,""Hebrew Uni Abgelehnt"",""Baller Robert Adolf"",Montel,""Baller Robert Adolf"",1930-04-09,X,15975522,15975521,15975520,"
"9369489,1930-04-24,""Hebrew Uni Abgelehnt"",""Enriques Paolo"",""Warburg Otto"",""Magnes Judah Leon"",1930-04-24,X,15975482,15975481,15975480,15975477"
"9369489,1930-04-24,""Hebrew Uni Abgelehnt"",""Enriques Paolo"",""Warburg Otto"",""Magnes Judah Leon"",1930-04-24,X,15975482,15975481,15975480,15975478"
"9369489,1930-04-24,""Hebrew Uni Abgelehnt"",""Enriques Paolo"",""Warburg Otto"",""Magnes Judah Leon"",1930-04-24,X,15975482,15975481,15975480,15975479"
"7530024,1930-04-26,""Hebrew University"",""Sambursky Shmuel"",""Ornstein Leonard Salomon"",""Magnes Judah Leon"",1930-04-26,X,14133004,14133005,14133006,14133007"
"7530024,1930-04-26,""Hebrew University"",""Sambursky Shmuel"",""Ornstein Leonard Salomon"",""Magnes Judah Leon"",1930-04-26,X,14133004,14133005,14133006,14133008"
"7530010,1930-06-17,""Hebrew University"",""Reifenberg Adolf"",""Fodor Andor"",""De Angelis d'Ossat Guglielmo"",1930-06-17,Z,14132956,14132957,14132958,"
"7530009,1930-06-17,""Hebrew University"",""Reifenberg Adolf"",""Fodor Andor"",""Lipman Jacob Goodale"",1930-06-17,Z,14132953,14132954,14132955,"
"7530008,1930-06-17,""Hebrew University"",""Reifenberg Adolf"",""Fodor Andor"",""Comber N. M."",1930-06-17,Z,14132950,14132951,14132952,"
"7530007,1930-06-17,""Hebrew University"",""Reifenberg Adolf"",""Fodor Andor"",""Hissink David Jacobus"",1930-06-17,Z,14132947,14132948,14132949,"
"7530006,1930-06-17,""Hebrew University"",""Reifenberg Adolf"",""Fodor Andor"",""Bechhold Heinrich Jakob"",1930-06-17,Z,14132944,14132945,14132946,"
"7530003,1930-06-27,""Hebrew University"",""Reifenberg Adolf"",""Comber N. M."",""Fodor Andor"",1930-06-27,X,14132935,14132936,14132937,"
"7530002,1930-07-02,""Hebrew University"",""Reifenberg Adolf"",""De Angelis d'Ossat Guglielmo"",""Fodor Andor"",1930-07-02,X,14132932,14132933,14132934,"
"7530005,1930-07-03,""Hebrew University"",""Reifenberg Adolf"",""Hissink David Jacobus"",""Fodor Andor"",1930-07-03,X,14132941,14132942,14132943,"
"7530001,1930-07-04,""Hebrew University"",""Reifenberg Adolf"",""Bechhold Heinrich Jakob"",""Fodor Andor"",1930-07-04,X,14132929,14132930,14132931,"
"7530004,1930-08-16,""Hebrew University"",""Reifenberg Adolf"",""Lipman Jacob Goodale"",""Fodor Andor"",1930-08-16,X,14132938,14132939,14132940,"
"9371986,1930-10-01,""Hebrew Uni Abgelehnt"",""Eisler Alfred"",Nobel,""Eisler Alfred"",1930-10-01,X,15979807,15979806,15979805,15979804"
"7529661,1930-11-29,""Hebrew University"",""Pflaum Heinz"",""Gebhardt Carl"",Roth,1930-11-29,X,14132861,14132862,14132863,"
"7529659,1930-11-30,""Hebrew University"",""Pflaum Heinz"",""Olschki Leonardo"",""Schwabe Moshe"",1930-11-30,X,14132858,14132857,14132860,"
"7529659,1930-11-30,""Hebrew University"",""Pflaum Heinz"",""Olschki Leonardo"",""Schwabe Moshe"",1930-11-30,X,14132858,14132859,14132860,"
"9371981,1931-01-08,""Hebrew Uni Abgelehnt"",""Eisler Alfred"",Zavron,""Eisler Alfred"",1931-01-08,X,15979796,15979795,15979794,"
"7512458,1931-02-19,""Hebrew University"",""Bodenheimer Friedrich Simon"",""Escherich Karl"",""Warburg Otto"",1931-02-19,X,14128804,14128803,14128802,"
"7512460,1931-02-24,""Hebrew University"",""Bodenheimer Friedrich Simon"",""Hesse Richard"",""Warburg Otto"",1931-02-24,X,14128810,14128809,14128808,"
"7529654,1931-04-23,""Hebrew University"",""Olitzki Aryeh Leo"",""Fodor Andor"",""Uhlenhuth Paul Theodor"",1931-04-23,Z,14132845,14132846,14132847,"
"7529653,1931-04-23,""Hebrew University"",""Olitzki Aryeh Leo"",""Fodor Andor"",""Neufeld Fred Julius"",1931-04-23,Z,14132842,14132843,14132844,"
"7529652,1931-04-23,""Hebrew University"",""Olitzki Aryeh Leo"",""Fodor Andor"",""Prausnitz Carl"",1931-04-23,Z,14132839,14132840,14132841,"
"7529651,1931-04-23,""Hebrew University"",""Olitzki Aryeh Leo"",""Fodor Andor"",Ledinghan,1931-04-23,Z,14132836,14132837,14132838,"
"7529650,1931-04-23,""Hebrew University"",""Olitzki Aryeh Leo"",""Fodor Andor"",""Zimser H."",1931-04-23,Z,14132833,14132834,14132835,"
"7516706,1931-04-23,""Hebrew University"",""Frankel Max"",""Fodor Andor"",""Levene Phoebus Aaron Theodore"",1931-04-23,Z,14132469,14132470,14132471,"
"7516705,1931-04-23,""Hebrew University"",""Frankel Max"",""Fodor Andor"",""Neuberg Carl"",1931-04-23,Z,14132466,14132467,14132468,"
"7516704,1931-04-23,""Hebrew University"",""Frankel Max"",""Fodor Andor"",""Polak Jakob"",1931-04-23,Z,14132463,14132464,14132465,"
"7516703,1931-04-23,""Hebrew University"",""Frankel Max"",""Fodor Andor"",""Sørensen Søren Peter Lauritz"",1931-04-23,Z,14132460,14132461,14132462,"
"7516702,1931-04-23,""Hebrew University"",""Frankel Max"",""Fodor Andor"",""Bechhold Heinrich Jakob"",1931-04-23,Z,14132457,14132458,14132459,"
"7529657,1931-04-30,""Hebrew University"",""Theodor Oskar"",""Fodor Andor"",""Brumpt Alexandre Joseph Émile"",1931-04-30,Z,14132854,14132855,14132856,"
"7529656,1931-04-30,""Hebrew University"",""Theodor Oskar"",""Fodor Andor"",""Martini Erich"",1931-04-30,Z,14132851,14132852,14132853,"
"7529655,1931-04-30,""Hebrew University"",""Theodor Oskar"",""Fodor Andor"",""Howard L."",1931-04-30,Z,14132848,14132849,14132850,"
"7530023,1931-05-10,""Hebrew University"",""Sambursky Shmuel"",""Fraenkel Adolf Abraham"",""Einstein Albert"",1931-05-10,Z,14133001,14133002,14133003,"
"9371408,1931-06-01,""Hebrew Uni Abgelehnt"",""Hirsch Rudolf"",Fülleborn,""Hirsch Rudolf"",1931-06-01,X,15978697,15978696,15978695,"
"9372612,1931-09-11,""Hebrew Uni Abgelehnt"",""Engel Paul"",""Silberstein Fritz"",""Engel Paul"",1931-09-11,X,15980963,15980962,15980961,"
"9372609,1931-09-11,""Hebrew Uni Abgelehnt"",""Engel Paul"",""Sternberg Carl"",""Engel Paul"",1931-09-11,X,15980957,15980956,15980955,"
"7445430,1931-09-11,""Hebrew University"",""Baneth Hartwig"",""Guttmann Julius C."",""Weil G."",1931-09-11,X,14097172,14097173,14097174,14151625"
"9371346,1931-10-24,""Hebrew Uni Abgelehnt"",""Ollendorff Käthe"",""Euler Dr."",""Ollendorff Käthe"",1931-10-24,X,15978614,15978613,15978612,"
"7512459,1931-11-18,""Hebrew University"",""Bodenheimer Friedrich Simon"",""Silvestri Filippo"",""Warburg Otto"",1931-11-18,X,14128807,14128806,14128805,"
"9372626,1932-02-16,""Hebrew Uni Abgelehnt"",""Engel Paul"",""Fürth Otto"",""Engel Paul"",1932-02-16,X,15980982,15980981,15980980,"
"9371359,1932-02-20,""Hebrew Uni Abgelehnt"",""Ungar Henry"",Scherk,""Ungar Henry"",1932-02-20,X,15978632,15978631,15978630,"
"7512469,1932-02-22,""Hebrew University"",""Haas Georg"",""Hartmann M."",""Bodenheimer Friedrich Simon"",1932-02-22,X,14128834,14128833,14128832,"
"9371362,1932-02-27,""Hebrew Uni Abgelehnt"",""Ungar Henry"",Schopohl,""Ungar Henry"",1932-02-27,X,15978638,15978637,15978636,"
"7530047,1932-03-01,""Hebrew University"",""Gershom Scholem"",""Ben David M."",""Librarian, Library of the Academy of Science"",1932-03-01,I,14133077,14133078,14133079,"
"7530046,1932-03-01,""Hebrew University"",""Gershom Scholem"",""Ben David M."",""Gershom Scholem"",1932-03-01,I,14133074,14133075,14133076,"
"7530045,1932-03-01,""Hebrew University"",""Gershom Scholem"",""Ben David M."",""Library Bibliotera Ambrosiana"",1932-03-01,I,14133071,14133072,14133073,"
"7530044,1932-03-01,""Hebrew University"",""Gershom Scholem"",""Magnes Judah Leon"",""Ehrle Franz"",1932-03-01,I,14133068,14133069,14133070,"
"7530043,1932-03-01,""Hebrew University"",""Gershom Scholem"",""Ben David M."",""Librarian, Royal Library"",1932-03-01,I,14133065,14133066,14133067,"
"7445663,1932-03-01,""Hebrew University"",""Bonné Alfred"",""Schloessinger M"",""Oppenheimer Franz"",1932-03-01,Z,14096785,14096784,14097209,"
"7445671,1932-03-04,""Hebrew University"",""Bonné Alfred"",""Oppenheimer Franz"",""Schloessinger M"",1932-03-04,X,14096791,14096790,14097212,"
"7445657,1932-06-10,""Hebrew University"",""Bonné Alfred"",""Harms B."",""Bonné Alfred"",1932-06-10,Y,14096776,14096775,14097207,"
"7530042,1932-07-12,""Hebrew University"",""Gershom Scholem"",""Schloessinger M"",""Director, British Museum"",1932-07-12,I,14133062,14133063,14133064,"
"7530041,1932-07-12,""Hebrew University"",""Gershom Scholem"",""Schloessinger M"",""Librarian, Cambridge University Library"",1932-07-12,I,14133059,14133060,14133061,"
"9371344,1932-10-25,""Hebrew Uni Abgelehnt"",""Ollendorff Käthe"",""Frank E."",""Ollendorff Käthe"",1932-10-25,X,15978611,15978610,15978609,"
"9371347,1932-12-17,""Hebrew Uni Abgelehnt"",""Ollendorff Käthe"",""Prausnitz Carl"",""Ollendorff Käthe"",1932-12-17,X,15978617,15978616,15978615,"
"9369646,1933-03-08,""Hebrew Uni Abgelehnt"",Badt,""Kahn Bernhard"",""Magnes Judah Leon"",1933-03-08,Y,15975705,15975704,15975703,"
"9369644,1933-03-08,""Hebrew Uni Abgelehnt"",Brutzkus,""Kahn Bernhard"",""Magnes Judah Leon"",1933-03-08,Y,15975702,15975701,15975700,"
"9371335,1933-03-27,""Hebrew Uni Abgelehnt"",""Adler Erich"",""Fischer Hans"",""Adler Erich"",1933-03-27,X,15978599,15978598,15978597,"
"9371337,1933-03-31,""Hebrew Uni Abgelehnt"",""Adler Erich"",Kissling,""Adler Erich"",1933-03-31,X,15978602,15978601,15978600,"
"9372621,1933-04-01,""Hebrew Uni Abgelehnt"",""Engel Paul"",""Silberstein Fritz"",""Engel Paul"",1933-04-01,X,15980975,15980974,15980973,"
"9369630,1933-04-04,""Hebrew Uni Abgelehnt"",""Baron Hans"",""Baron Hans"",""Magnes Judah Leon"",1933-04-04,Y,15975690,15975689,15975688,"
"9369497,1933-04-13,""Hebrew Uni Abgelehnt"",""Baller Robert Adolf"",""Zionistisches Landeskomitee für Österreich"",""Rektor der Hebr Uni"",1933-04-13,Y,15975493,15975492,15975491,"
"9371410,1933-04-15,""Hebrew Uni Abgelehnt"",""Hirsch Rudolf"",""Hirsch Rudolf"",""Glaevecke Carl"",1933-04-15,X,15978700,15978699,15978698,"
"9371406,1933-04-25,""Hebrew Uni Abgelehnt"",""Hirsch Rudolf"",Zoepffel,""Hirsch Rudolf"",1933-04-25,X,15978694,15978693,15978692,"
"9371395,1933-04-28,""Hebrew Uni Abgelehnt"",""Götz Berndt"",""Thurnwald Richard C."",""Magnes Judah Leon"",1933-04-28,X,15978679,15978678,15978677,"
"9367675,1933-04-29,""Hebrew University"",""Farkas Ladislaus"",""Haber Fritz"",""Farkas Ladislaus"",1933-04-29,X,15972360,15972359,15972358,"
"9371350,1933-04-30,""Hebrew Uni Abgelehnt"",""Ollendorff Käthe"",Kaliski,""Ollendorff Käthe"",1933-04-30,X,15978620,15978619,15978618,"
"7445409,1933-05-02,""Hebrew University"",""Amirá Benjamin"",""Fekete Michael"",""Valiron M."",1933-05-02,Z,14097140,14097139,14097138,"
"9371342,1933-05-04,""Hebrew Uni Abgelehnt"",""Ollendorff Käthe"",""Meißner Gertrud"",""Ollendorff Käthe"",1933-05-04,X,15978608,15978607,15978606,"
"7448272,1933-05-04,""Hebrew University"",""Alexander Ernst"",""Warburg Max"",""Magnes Judah Leon"",1933-05-04,I,14097012,14097011,14097010,"
"9371398,1933-05-05,""Hebrew Uni Abgelehnt"",""Gradstein Stefan"",""Walther A."",""Gradstein Stefan"",1933-05-05,X,15978682,15978681,15978680,"
"9371392,1933-05-08,""Hebrew Uni Abgelehnt"",""Glatzer Nahum Norbert"",""Burton Montague"",""Magnes Judah Leon"",1933-05-08,I,15978676,15978675,15978674,15978673"
"9369633,1933-05-10,""Hebrew Uni Abgelehnt"",""Baron Hans"",""[Ducker] A."",""Magnes Judah Leon"",1933-05-10,X,15975693,15975692,15975691,"
"7512465,1933-05-22,""Hebrew University"",""Goldhaber George"",""Blumenthal Ferdiand"",""Goldhaber George"",1933-05-22,X,14128825,14128824,14128823,"
"9371353,1933-06-02,""Hebrew Uni Abgelehnt"",""Ungar Henry"",""Direktor des Pathologischen Insituts der Universität Berlin"",""Ungar Henry"",1933-06-02,X,15978623,15978622,15978621,"
"7512472,1933-06-02,""Hebrew University"",""Halberstädter Ludwig"",""Regaud Claudius"",""Halberstädter Ludwig"",1933-06-02,X,14128840,14128839,14128838,"
"7512470,1933-06-12,""Hebrew University"",""Halberstädter Ludwig"",""Forssell Goesta"",""Halberstädter Ludwig"",1933-06-12,X,14128837,14128836,14128835,"
"9369587,1933-07-01,""Hebrew Uni Abgelehnt"",""Brieger Richard"",""Urban Ernst"",""Brieger Richard"",1933-07-01,X,15975618,15975617,15975616,"
"9371355,1933-07-03,""Hebrew Uni Abgelehnt"",""Ungar Henry"",Schürmann,""Ungar Henry"",1933-07-03,X,15978626,15978625,15978624,"
"9371401,1933-07-04,""Hebrew Uni Abgelehnt"",""Germansky Boris"",""Rothe R."",""Germansky Boris"",1933-07-04,X,15978685,15978684,15978683,"
"9371401,1933-07-04,""Hebrew Uni Abgelehnt"",""Germansky Boris"",""Rothe R."",""Germansky Boris"",1933-07-04,X,15978685,15978684,15978686,"
"9371401,1933-07-04,""Hebrew Uni Abgelehnt"",""Germansky Boris"",""Rothe R."",""Germansky Boris"",1933-07-04,X,15978685,15978687,15978683,"
"9371401,1933-07-04,""Hebrew Uni Abgelehnt"",""Germansky Boris"",""Rothe R."",""Germansky Boris"",1933-07-04,X,15978685,15978687,15978686,"
"9371401,1933-07-04,""Hebrew Uni Abgelehnt"",""Germansky Boris"",""Rothe R."",""Germansky Boris"",1933-07-04,X,15978688,15978684,15978683,"
"9371401,1933-07-04,""Hebrew Uni Abgelehnt"",""Germansky Boris"",""Rothe R."",""Germansky Boris"",1933-07-04,X,15978688,15978684,15978686,"
"9371401,1933-07-04,""Hebrew Uni Abgelehnt"",""Germansky Boris"",""Rothe R."",""Germansky Boris"",1933-07-04,X,15978688,15978687,15978683,"
"9371401,1933-07-04,""Hebrew Uni Abgelehnt"",""Germansky Boris"",""Rothe R."",""Germansky Boris"",1933-07-04,X,15978688,15978687,15978686,"
"9371403,1933-07-06,""Hebrew Uni Abgelehnt"",""Germansky Boris"",""Hamel Dr."",""Germansky Boris"",1933-07-06,,15978691,15978690,15978689,"
"7512464,1933-07-12,""Hebrew University"",""Goldhaber George"",""Halberstädter Ludwig"",""Goldhaber George"",1933-07-12,X,14128822,14128821,14128820,"
"7512463,1933-07-17,""Hebrew University"",""Goldhaber George"",""Friedrich Walter"",""Goldhaber George"",1933-07-17,X,14128819,14128818,14128817,"
"9369556,1933-08-03,""Hebrew Uni Abgelehnt"",""Bickermann Elias"",""Academic Assistance Council"",""Magnes Judah Leon"",1933-08-03,I,15975574,15975573,15975572,15975569"
"9369556,1933-08-03,""Hebrew Uni Abgelehnt"",""Bickermann Elias"",""Academic Assistance Council"",""Magnes Judah Leon"",1933-08-03,I,15975574,15975573,15975572,15975570"
"9369556,1933-08-03,""Hebrew Uni Abgelehnt"",""Bickermann Elias"",""Academic Assistance Council"",""Magnes Judah Leon"",1933-08-03,I,15975574,15975573,15975572,15975571"
"9371369,1933-08-17,""Hebrew Uni Abgelehnt"",Wolff-Eisner,""[xxx] Fr."",""Magnes Judah Leon"",1933-08-17,X,15978645,15978644,15978643,15978639"
"9371369,1933-08-17,""Hebrew Uni Abgelehnt"",Wolff-Eisner,""[xxx] Fr."",""Magnes Judah Leon"",1933-08-17,X,15978645,15978644,15978643,15978640"
"9371369,1933-08-17,""Hebrew Uni Abgelehnt"",Wolff-Eisner,""[xxx] Fr."",""Magnes Judah Leon"",1933-08-17,X,15978645,15978644,15978643,15978642"
"9371369,1933-08-17,""Hebrew Uni Abgelehnt"",Wolff-Eisner,""[xxx] Fr."",""Magnes Judah Leon"",1933-08-17,X,15978645,15978644,15978643,15978641"
"9371306,1933-08-21,""Hebrew Uni Abgelehnt"",""Brieger Richard"",""Wolff P."",""Magnes Judah Leon"",1933-08-21,X,15978519,15978518,15978517,15978516"
"7515706,1933-08-29,""Hebrew University"",""Lachmann Robert"",""Wolf Johannes"",""Lachmann Robert"",1933-08-29,X,14131392,14131393,14131394,"
"9371319,1933-08-30,""Hebrew Uni Abgelehnt"",""Brieger Richard"",""Magnes Judah Leon"",""Wolff P."",1933-08-30,Z,15978566,15978565,15978564,15978563"
"9369589,1933-08-31,""Hebrew Uni Abgelehnt"",""Brieger Richard"",""Springer Julius"",""Brieger Richard"",1933-08-31,X,15975621,15975620,15975619,"
"9369562,1933-09-06,""Hebrew Uni Abgelehnt"",""Wolfsohn Günther"",""Ornstein Leonard Salomon"",""Magnes Judah Leon"",1933-09-06,X,15975584,15975583,15975582,15975579"
"9369562,1933-09-06,""Hebrew Uni Abgelehnt"",""Wolfsohn Günther"",""Ornstein Leonard Salomon"",""Magnes Judah Leon"",1933-09-06,X,15975584,15975583,15975582,15975580"
"9369562,1933-09-06,""Hebrew Uni Abgelehnt"",""Wolfsohn Günther"",""Ornstein Leonard Salomon"",""Magnes Judah Leon"",1933-09-06,X,15975584,15975583,15975582,15975581"
"9369559,1933-09-06,""Hebrew Uni Abgelehnt"",Block,""Ornstein Leonard Salomon"",""Magnes Judah Leon"",1933-09-06,X,15975578,15975577,15975576,15975575"
"9371332,1933-09-10,""Hebrew Uni Abgelehnt"",""Brieger Richard"",""Brieger Richard"",""Magnes Judah Leon"",1933-09-10,Y,15978596,15978595,15978594,15978593"
"9371331,1933-09-11,""Hebrew Uni Abgelehnt"",""Brieger Richard"",""Warburg Otto"",""Magnes Judah Leon"",1933-09-11,X,15978592,15978591,15978590,15978589"
"9369598,1933-09-11,""Hebrew Uni Abgelehnt"",""Brieger Richard"",""Danckwortt Peter Walter Friedrich"",""Brieger Richard"",1933-09-11,X,15975635,15975634,15975633,15975632"
"9371320,1933-09-13,""Hebrew Uni Abgelehnt"",""Brieger Richard"",""Wolff P."",""Magnes Judah Leon"",1933-09-13,Y,15978570,15978569,15978568,15978567"
"9371326,1933-09-19,""Hebrew Uni Abgelehnt"",""Brieger Richard"",Anselmino,""Magnes Judah Leon"",1933-09-19,X,15978579,15978578,15978577,"
"9369601,1933-09-19,""Hebrew Uni Abgelehnt"",""Brieger Richard"",""Peyer Willi"",""Brieger Richard"",1933-09-19,X,15975641,15975640,15975639,"
"9369593,1933-09-19,""Hebrew Uni Abgelehnt"",""Brieger Richard"",""Lingelsheim Alexander von"",""Brieger Richard"",1933-09-19,X,15975627,15975626,15975625,15975631"
"9369591,1933-09-19,""Hebrew Uni Abgelehnt"",""Brieger Richard"",""Weigert E."",""Brieger Richard"",1933-09-19,X,15975624,15975623,15975622,"
"9369565,1933-09-19,""Hebrew Uni Abgelehnt"",""Brückmann Gerhard"",""Tiede Erich"",""Brückmann Gerhard"",1933-09-19,X,15975587,15975586,15975585,"
"7447886,1933-09-20,""Hebrew University"",""Alexander Ernst"",""Magnes Judah Leon"",""Warburg Max"",1933-09-20,Z,14096996,14096995,14096994,"
"9369608,1933-09-21,""Hebrew Uni Abgelehnt"",""Brieger Richard"",""Wielen Pieter van der"",""Brieger Richard"",1933-09-21,X,15975650,15975649,15975648,"
"9369606,1933-09-21,""Hebrew Uni Abgelehnt"",""Brieger Richard"",""Heger Hans"",""Brieger Richard"",1933-09-21,X,15975647,15975646,15975645,"
"9369622,1933-09-22,""Hebrew Uni Abgelehnt"",""Brieger Richard"",""Forrester G. P."",""Brieger Richard"",1933-09-22,X,15975673,15975672,15975671,"
"9369611,1933-09-22,""Hebrew Uni Abgelehnt"",""Brieger Richard"",Jacobson,""Brieger Richard"",1933-09-22,X,15975654,15975653,15975652,"
"9371329,1933-09-23,""Hebrew Uni Abgelehnt"",""Brieger Richard"",""Warburg Otto"",""Fodor Andor"",1933-09-23,Y,15978588,15978587,15978586,15978584"
"9371329,1933-09-23,""Hebrew Uni Abgelehnt"",""Brieger Richard"",""Warburg Otto"",""Fodor Andor"",1933-09-23,Y,15978588,15978587,15978586,15978585"
"9371327,1933-09-24,""Hebrew Uni Abgelehnt"",""Brieger Richard"",""Brieger Richard"",""Magnes Judah Leon"",1933-09-24,Y,15978583,15978582,15978581,15978580"
"9371318,1933-09-24,""Hebrew Uni Abgelehnt"",""Brieger Richard"",""Magnes Judah Leon"",""Neuberg Carl"",1933-09-24,Z,15978562,15978561,15978560,15978559"
"9369654,1933-09-25,""Hebrew Uni Abgelehnt"",""Brückmann Gerhard"",""Brückmann Gerhard"",""Fodor Andor"",1933-09-25,I,15975716,15975715,15975714,15975706"
"9369654,1933-09-25,""Hebrew Uni Abgelehnt"",""Brückmann Gerhard"",""Brückmann Gerhard"",""Fodor Andor"",1933-09-25,I,15975716,15975715,15975714,15975707"
"9369654,1933-09-25,""Hebrew Uni Abgelehnt"",""Brückmann Gerhard"",""Brückmann Gerhard"",""Fodor Andor"",1933-09-25,I,15975716,15975715,15975714,15975708"
"9369654,1933-09-25,""Hebrew Uni Abgelehnt"",""Brückmann Gerhard"",""Brückmann Gerhard"",""Fodor Andor"",1933-09-25,I,15975716,15975715,15975714,15975709"
"9369654,1933-09-25,""Hebrew Uni Abgelehnt"",""Brückmann Gerhard"",""Brückmann Gerhard"",""Fodor Andor"",1933-09-25,I,15975716,15975715,15975714,15975710"
"9369654,1933-09-25,""Hebrew Uni Abgelehnt"",""Brückmann Gerhard"",""Brückmann Gerhard"",""Fodor Andor"",1933-09-25,I,15975716,15975715,15975714,15975711"
"9369654,1933-09-25,""Hebrew Uni Abgelehnt"",""Brückmann Gerhard"",""Brückmann Gerhard"",""Fodor Andor"",1933-09-25,I,15975716,15975715,15975714,15975712"
"9369654,1933-09-25,""Hebrew Uni Abgelehnt"",""Brückmann Gerhard"",""Brückmann Gerhard"",""Fodor Andor"",1933-09-25,I,15975716,15975715,15975714,15975713"
"7447890,1933-09-27,""Hebrew University"",""Alexander Ernst"",""Warburg Max"",""Magnes Judah Leon"",1933-09-27,X,14097007,14097006,14097005,"
"9371323,1933-10-03,""Hebrew Uni Abgelehnt"",""Brieger Richard"",[xxx],""Magnes Judah Leon"",1933-10-03,Y,15978573,15978572,15978571,"
"9371315,1933-10-06,""Hebrew Uni Abgelehnt"",Nagelschmidt,""Neuberg Carl"",""Magnes Judah Leon"",1933-10-06,Y,15978549,15978548,15978547,15978546"
"9371312,1933-10-06,""Hebrew Uni Abgelehnt"",""Brieger Richard"",""Neuberg Carl"",""Magnes Judah Leon"",1933-10-06,Y,15978545,15978544,15978543,15978541"
"9371312,1933-10-06,""Hebrew Uni Abgelehnt"",""Brieger Richard"",""Neuberg Carl"",""Magnes Judah Leon"",1933-10-06,Y,15978545,15978544,15978543,15978542"
"9369627,1933-10-07,""Hebrew Uni Abgelehnt"",""Brieger Richard"",""Gilg Ernst"",""Brieger Richard"",1933-10-07,X,15975684,15975683,15975682,"
"9367662,1933-10-13,""Hebrew University"",""Alexander Ernst"",""Magnes Judah Leon"",""Warburg Max"",1933-10-13,Z,15972304,15972303,15972302,"
"9369537,1933-10-15,""Hebrew Uni Abgelehnt"",Bein,""Baeck Leo"",""Magnes Judah Leon"",1933-10-15,I,15975548,15975547,15975546,"
"9369626,1933-10-16,""Hebrew Uni Abgelehnt"",""Brieger Richard"",""Wasicky Richard"",""Brieger Richard"",1933-10-16,X,15975681,15975680,15975679,"
"9760033,1933-10-19,""Hebrew Uni Abgelehnt"",""Brieger Richard"",""Fodor Andor"",""Magnes Judah Leon"",1933-10-19,Y,16289388,16289389,16289369,"
"9369625,1933-10-20,""Hebrew Uni Abgelehnt"",""Brieger Richard"",""Brieger Richard"",""Magnes Judah Leon"",1933-10-20,Y,15975678,15975677,15975676,15975674"
"9369625,1933-10-20,""Hebrew Uni Abgelehnt"",""Brieger Richard"",""Brieger Richard"",""Magnes Judah Leon"",1933-10-20,Y,15975678,15975677,15975676,15975675"
"9371325,1933-10-22,""Hebrew Uni Abgelehnt"",Pharmazeut,[xxx],""Magnes Judah Leon"",1933-10-22,Z,15978576,15978575,15978574,"
"9371317,1933-10-23,""Hebrew Uni Abgelehnt"",Nagelschmidt,""Magnes Judah Leon"",""Neuberg Carl"",1933-10-23,Z,15978558,15978557,15978556,15978554"
"9371317,1933-10-23,""Hebrew Uni Abgelehnt"",Nagelschmidt,""Magnes Judah Leon"",""Neuberg Carl"",1933-10-23,Z,15978558,15978557,15978556,15978555"
"9371316,1933-10-23,""Hebrew Uni Abgelehnt"",""Brieger Richard"",""Magnes Judah Leon"",""Neuberg Carl"",1933-10-23,Z,15978553,15978552,15978551,15978550"
"9371309,1933-10-23,""Hebrew Uni Abgelehnt"",""Brieger Richard"",""Magnes Judah Leon"",""Laqueur Ernst"",1933-10-23,Z,15978526,15978525,15978524,15978523"
"9371310,1933-10-24,""Hebrew Uni Abgelehnt"",""Brieger Richard"",""Magnes Judah Leon"",""Brieger Richard"",1933-10-24,Z,15978530,15978529,15978528,15978527"
"9369530,1933-10-27,""Hebrew Uni Abgelehnt"",""Beck Dr."",""Beck Dr."",""Weizmann Chaim"",1933-10-27,Y,15975539,15975538,15975537,15975530"
"9369530,1933-10-27,""Hebrew Uni Abgelehnt"",""Beck Dr."",""Beck Dr."",""Weizmann Chaim"",1933-10-27,Y,15975539,15975538,15975537,15975531"
"9369530,1933-10-27,""Hebrew Uni Abgelehnt"",""Beck Dr."",""Beck Dr."",""Weizmann Chaim"",1933-10-27,Y,15975539,15975538,15975537,15975532"
"9369530,1933-10-27,""Hebrew Uni Abgelehnt"",""Beck Dr."",""Beck Dr."",""Weizmann Chaim"",1933-10-27,Y,15975539,15975538,15975537,15975533"
"9369530,1933-10-27,""Hebrew Uni Abgelehnt"",""Beck Dr."",""Beck Dr."",""Weizmann Chaim"",1933-10-27,Y,15975539,15975538,15975537,15975534"
"9369530,1933-10-27,""Hebrew Uni Abgelehnt"",""Beck Dr."",""Beck Dr."",""Weizmann Chaim"",1933-10-27,Y,15975539,15975538,15975537,15975535"
"9369530,1933-10-27,""Hebrew Uni Abgelehnt"",""Beck Dr."",""Beck Dr."",""Weizmann Chaim"",1933-10-27,Y,15975539,15975538,15975537,15975536"
"9369530,1933-10-27,""Hebrew Uni Abgelehnt"",""Beck Dr."",""Beck Dr."",""Weizmann Chaim"",1933-10-27,Y,15975539,15975538,15975537,15975529"
"9371308,1933-11-01,""Hebrew Uni Abgelehnt"",""Brieger Richard"",""Laqueur Ernst"",""Magnes Judah Leon"",1933-11-01,X,15978522,15978521,15978520,"
"9369532,1933-11-03,""Hebrew Uni Abgelehnt"",""Beck Dr."",""Weizmann Chaim"",""Magnes Judah Leon"",1933-11-03,X,15975545,15975544,15975543,"
"9371302,1933-11-07,""Hebrew Uni Abgelehnt"",""Brieger Richard"",""Brieger Richard"",""Magnes Judah Leon"",1933-11-07,Y,15978513,15978512,15978511,15978510"
"9369604,1933-11-09,""Hebrew Uni Abgelehnt"",""Brieger Richard"",""Urdang Georg"",""Brieger Richard"",1933-11-09,X,15975644,15975643,15975642,"
"9371300,1933-11-20,""Hebrew Uni Abgelehnt"",""Brieger Richard"",""Magnes Judah Leon"",""Brieger Richard"",1933-11-20,Z,15978506,15978505,15978504,"
"7529998,1933-11-22,""Hebrew University"",""Polotsky Hans Jakob"",""Mittwoch Eugen"",""Magnes Judah Leon"",1933-11-22,X,14132920,14132921,14132922,14132923"
"7529998,1933-11-22,""Hebrew University"",""Polotsky Hans Jakob"",""Mittwoch Eugen"",""Magnes Judah Leon"",1933-11-22,X,14132920,14132921,14132922,14132924"
"7529998,1933-11-22,""Hebrew University"",""Polotsky Hans Jakob"",""Mittwoch Eugen"",""Magnes Judah Leon"",1933-11-22,X,14132920,14132921,14132922,14132925"
"7529998,1933-11-22,""Hebrew University"",""Polotsky Hans Jakob"",""Mittwoch Eugen"",""Magnes Judah Leon"",1933-11-22,X,14132920,14132921,14132922,14132926"
"7529998,1933-11-22,""Hebrew University"",""Polotsky Hans Jakob"",""Mittwoch Eugen"",""Magnes Judah Leon"",1933-11-22,X,14132920,14132921,14132922,14132927"
"7529998,1933-11-22,""Hebrew University"",""Polotsky Hans Jakob"",""Mittwoch Eugen"",""Magnes Judah Leon"",1933-11-22,X,14132920,14132921,14132922,14132928"
"9371298,1933-11-26,""Hebrew Uni Abgelehnt"",""Brieger Richard"",""Brieger Richard"",""Weizmann Chaim"",1933-11-26,Y,15978503,15978502,15978501,15978498"
"9371298,1933-11-26,""Hebrew Uni Abgelehnt"",""Brieger Richard"",""Brieger Richard"",""Weizmann Chaim"",1933-11-26,Y,15978503,15978502,15978501,15978499"
"9371298,1933-11-26,""Hebrew Uni Abgelehnt"",""Brieger Richard"",""Brieger Richard"",""Weizmann Chaim"",1933-11-26,Y,15978503,15978502,15978501,15978500"
"7445638,1933-11-26,""Hebrew University"",""Bonné Alfred"",""Warburg Max"",""Magnes Judah Leon"",1933-11-26,Y,14096752,14096751,14097197,"
"9371294,1933-11-28,""Hebrew Uni Abgelehnt"",""Brieger Richard"",""Brieger Richard"",""Weizmann Chaim"",1933-11-28,Y,15978494,15978493,15978492,15978491"
"9371292,1933-11-30,""Hebrew Uni Abgelehnt"",""Brieger Richard"",""Weizmann Chaim"",""Magnes Judah Leon"",1933-11-30,Y,15978487,15978486,15978485,15978484"
"7529996,1933-12-06,""Hebrew University"",""Polotsky Hans Jakob"",""Meltzer J. L."",""Albright William Foxwell"",1933-12-06,Z,14132915,14132916,14132917,14132918"
"7529996,1933-12-06,""Hebrew University"",""Polotsky Hans Jakob"",""Meltzer J. L."",""Albright William Foxwell"",1933-12-06,Z,14132915,14132916,14132917,14132919"
"7529995,1933-12-09,""Hebrew University"",""Polotsky Hans Jakob"",""Albright William Foxwell"",""Meltzer J. L."",1933-12-09,X,14132909,14132910,14132911,14132912"
"7529995,1933-12-09,""Hebrew University"",""Polotsky Hans Jakob"",""Albright William Foxwell"",""Meltzer J. L."",1933-12-09,X,14132909,14132910,14132911,14132913"
"7529995,1933-12-09,""Hebrew University"",""Polotsky Hans Jakob"",""Albright William Foxwell"",""Meltzer J. L."",1933-12-09,X,14132909,14132910,14132911,14132914"
"9370788,1933-12-12,""Hebrew Uni Abgelehnt"",""Brieger Richard"",""Magnes Judah Leon"",""Warburg Otto"",1933-12-12,Z,15977476,15977475,15977474,"
"9371290,1933-12-19,""Hebrew Uni Abgelehnt"",""Brieger Richard"",""Magnes Judah Leon"",""Warburg Otto"",1933-12-19,Z,15978483,15978482,15978481,15978480"
"7512477,1933-12-20,""Hebrew University"",""Koebner Richard"",[Baer],""Magnes Judah Leon"",1933-12-20,Y,14128855,14128856,14128857,14128858"
"7512477,1933-12-20,""Hebrew University"",""Koebner Richard"",[Baer],""Magnes Judah Leon"",1933-12-20,Y,14128855,14128856,14128857,15972352"
"7512477,1933-12-20,""Hebrew University"",""Koebner Richard"",[Baer],""Magnes Judah Leon"",1933-12-20,Y,14128855,14128856,14128857,15972351"
"7512477,1933-12-20,""Hebrew University"",""Koebner Richard"",[Baer],""Magnes Judah Leon"",1933-12-20,Y,14128855,14128856,14128857,15972349"
"7512477,1933-12-20,""Hebrew University"",""Koebner Richard"",[Baer],""Magnes Judah Leon"",1933-12-20,Y,14128855,14128856,14128857,15972350"
"7529994,1933-12-31,""Hebrew University"",""Polotsky Hans Jakob"",""Levy Hans"",""Schloessinger M"",1933-12-31,X,14132905,14132906,14132907,14132908"
"7530050,1934-01-04,""Hebrew University"",""Wolfsohn Günther"",""Ornstein Leonard Salomon"",""Wolfsohn Günther"",1934-01-04,X,14133088,14133089,14133090,"
"7529993,1934-01-15,""Hebrew University"",""Polotsky Hans Jakob"",""Mittwoch Eugen"",""Magnes Judah Leon"",1934-01-15,Y,14132899,14132900,14132901,14132902"
"7529993,1934-01-15,""Hebrew University"",""Polotsky Hans Jakob"",""Mittwoch Eugen"",""Magnes Judah Leon"",1934-01-15,Y,14132899,14132900,14132901,14132903"
"7529993,1934-01-15,""Hebrew University"",""Polotsky Hans Jakob"",""Mittwoch Eugen"",""Magnes Judah Leon"",1934-01-15,Y,14132899,14132900,14132901,14132904"
"9959418,1934-01-18,""Hebrew University"",""Farkas Ladislaus"",""Weizmann Chaim"",""Magnes Judah Leon"",1934-01-18,Y,16507419,16507418,16507417,16507416"
"7515713,1934-01-18,""Hebrew University"",""Farkas Ladislaus"",""Weizmann Chaim"",""Magnes Judah Leon"",1934-01-18,X,14131426,14131427,14131428,14131429"
"9959399,1934-02-04,""Hebrew University"",""Lachmann Robert"",""Wolf Johannes"",""Magnes Judah Leon"",1934-02-04,X,16507342,16507341,16507340,"
"7515712,1934-02-07,""Hebrew University"",""Farkas Ladislaus"",""Magnes Judah Leon"",""Jones Lauder W."",1934-02-07,Y,14131420,14131421,14131422,14131423"
"7515712,1934-02-07,""Hebrew University"",""Farkas Ladislaus"",""Magnes Judah Leon"",""Jones Lauder W."",1934-02-07,Y,14131420,14131421,14131422,14131424"
"7515712,1934-02-07,""Hebrew University"",""Farkas Ladislaus"",""Magnes Judah Leon"",""Jones Lauder W."",1934-02-07,Y,14131420,14131421,14131422,14131425"
"7515708,1934-02-19,""Hebrew University"",""Lachmann Robert"",""Mittwoch Eugen"",""Magnes Judah Leon"",1934-02-19,I,14131401,14131402,14131403,14131404"
"7515708,1934-02-19,""Hebrew University"",""Lachmann Robert"",""Mittwoch Eugen"",""Magnes Judah Leon"",1934-02-19,I,14131401,14131402,14131403,14131405"
"7515708,1934-02-19,""Hebrew University"",""Lachmann Robert"",""Mittwoch Eugen"",""Magnes Judah Leon"",1934-02-19,I,14131401,14131402,14131403,14131406"
"7515708,1934-02-19,""Hebrew University"",""Lachmann Robert"",""Mittwoch Eugen"",""Magnes Judah Leon"",1934-02-19,I,14131401,14131402,14131403,14131407"
"7515707,1934-02-21,""Hebrew University"",""Lachmann Robert"",""Magnes Judah Leon"",""Askwith Herbert"",1934-02-21,I,14131395,14131396,14131397,14131398"
"7515707,1934-02-21,""Hebrew University"",""Lachmann Robert"",""Magnes Judah Leon"",""Askwith Herbert"",1934-02-21,I,14131395,14131396,14131397,14131399"
"7515707,1934-02-21,""Hebrew University"",""Lachmann Robert"",""Magnes Judah Leon"",""Askwith Herbert"",1934-02-21,I,14131395,14131396,14131397,14131400"
"7512467,1934-04-11,""Hebrew University"",""Goitein Shlomo Dov"",""Weil G."",""Magnes Judah Leon"",1934-04-11,X,14128828,14128827,14128864,"
"7512467,1934-04-11,""Hebrew University"",""Goitein Shlomo Dov"",""Weil G."",""Magnes Judah Leon"",1934-04-11,X,14128828,14128827,14128826,"
"7512467,1934-04-11,""Hebrew University"",""Goitein Shlomo Dov"",""Weil G."",""Magnes Judah Leon"",1934-04-11,X,14128828,14128863,14128864,"
"7512467,1934-04-11,""Hebrew University"",""Goitein Shlomo Dov"",""Weil G."",""Magnes Judah Leon"",1934-04-11,X,14128828,14128863,14128826,"
"7512467,1934-04-11,""Hebrew University"",""Goitein Shlomo Dov"",""Weil G."",""Magnes Judah Leon"",1934-04-11,X,14128862,14128827,14128864,"
"7512467,1934-04-11,""Hebrew University"",""Goitein Shlomo Dov"",""Weil G."",""Magnes Judah Leon"",1934-04-11,X,14128862,14128827,14128826,"
"7512467,1934-04-11,""Hebrew University"",""Goitein Shlomo Dov"",""Weil G."",""Magnes Judah Leon"",1934-04-11,X,14128862,14128863,14128864,"
"7512467,1934-04-11,""Hebrew University"",""Goitein Shlomo Dov"",""Weil G."",""Magnes Judah Leon"",1934-04-11,X,14128862,14128863,14128826,"
"7448275,1934-05-10,""Hebrew University"",""Alexander Ernst"",""Fajans K."",""Magnes Judah Leon"",1934-05-10,X,14097026,14097025,14097024,14097028"
"7448275,1934-05-10,""Hebrew University"",""Alexander Ernst"",""Fajans K."",""Magnes Judah Leon"",1934-05-10,X,14097026,14097025,14131411,14097028"
"7530049,1934-05-11,""Hebrew University"",""Wolfsohn Günther"",""Zemansky Mark"",""Magnes Judah Leon"",1934-05-11,X,14133084,14133085,14133086,14133087"
"7445632,1934-07-12,""Hebrew University"",""Bonné Alfred"",""Magnes Judah Leon"",""Warburg Max"",1934-07-12,X,14096744,14096743,14097193,"
"7529992,1934-08-08,""Hebrew University"",""Polotsky Hans Jakob"",""Levy Hans"",""Magnes Judah Leon"",1934-08-08,Y,14132895,14132896,14132897,14132898"
"7529990,1934-08-08,""Hebrew University"",""Polotsky Hans Jakob"",""Mittwoch Eugen"",""Magnes Judah Leon"",1934-08-08,Y,14132891,14132892,14132893,14132894"
"7530048,1934-08-20,""Hebrew University"",""Wolfsohn Günther"",""Ornstein Leonard Salomon"",""Magnes Judah Leon"",1934-08-20,Y,14133080,14133081,14133082,14133083"
"7445423,1934-10-17,""Hebrew University"",""Aschner Manfred"",""Kligler Israel Jacob"",""Magnes Judah Leon"",1934-10-17,Y,14097159,14097160,14097161,14097162"
"9371422,1935-02-25,""Hebrew Uni Abgelehnt"",""Ostrowski Siegfried"",Borchardt,""Ostrowski Siegfried"",1935-02-25,X,15978718,15978717,15978716,"
"7530051,1935-03-11,""Hebrew University"",""Zondek Bernhard"",""Wechsler I. S."",""Schloessinger M"",1935-03-11,Y,14133091,14133092,14133093,14133094"
"9372623,1935-05-31,""Hebrew Uni Abgelehnt"",""Engel Paul"",Denk,""Engel Paul"",1935-05-31,X,15980978,15980977,15980976,"
"9867569,1935-07-24,""Hebrew University"",""Schwabe Moshe"",""Magnes Judah Leon"",""American School of Archaeology The Director"",1935-07-24,I,16370230,16370229,16370228,"
"9867570,1935-07-25,""Hebrew University"",""Schwabe Moshe"",""Ben David M."",""Schwabe Moshe"",1935-07-25,I,16370233,16370232,16370231,"
"7512474,1935-11-12,""Hebrew University"",""Rothbarth Margarete"",""Zweig Arnold"",""Bergmann Samuel Hugo"",1935-11-12,I,14128846,14128845,14128844,"
"7512475,1935-11-22,""Hebrew University"",""Modlinger ..."",""Warburg Otto"",""Bergmann Samuel Hugo"",1935-11-22,I,14128849,14128848,14128847,15972341"
"7515716,1936-03-05,""Hebrew University"",""Landshut Siegfried"",""Heimann Eduard"",""Kohn Hans"",1936-03-05,X,14131443,14131444,14131445,14131446"
"7515716,1936-03-05,""Hebrew University"",""Landshut Siegfried"",""Heimann Eduard"",""Kohn Hans"",1936-03-05,X,14131443,14131444,14131445,14131447"
"7515716,1936-03-05,""Hebrew University"",""Landshut Siegfried"",""Heimann Eduard"",""Kohn Hans"",1936-03-05,X,14131443,14131444,14131445,14131448"
"7515716,1936-03-05,""Hebrew University"",""Landshut Siegfried"",""Heimann Eduard"",""Kohn Hans"",1936-03-05,X,14131443,14131444,14131445,14131449"
"7515716,1936-03-05,""Hebrew University"",""Landshut Siegfried"",""Heimann Eduard"",""Kohn Hans"",1936-03-05,X,14131443,14131444,14131445,14131450"
"7515715,1936-04-07,""Hebrew University"",""Landshut Siegfried"",""Wolfers Arnold"",""Kittredge Tracey Barrett"",1936-04-07,X,14131438,14131439,14131440,14131441"
"7515715,1936-04-07,""Hebrew University"",""Landshut Siegfried"",""Wolfers Arnold"",""Kittredge Tracey Barrett"",1936-04-07,X,14131438,14131439,14131440,14131442"
"7529649,1936-05-07,""Hebrew University"",""Eig Alexander"",""Warburg Otto"",""Magnes Judah Leon"",1936-05-07,Y,14132830,14132831,14132832,"
"7515717,1936-05-22,""Hebrew University"",""Landshut Siegfried"",""Heimann Eduard"",""Finkel Samuel B."",1936-05-22,Y,14131451,14131452,14131453,14131454"
"7515717,1936-05-22,""Hebrew University"",""Landshut Siegfried"",""Heimann Eduard"",""Finkel Samuel B."",1936-05-22,Y,14131451,14131452,14131453,14131455"
"7515717,1936-05-22,""Hebrew University"",""Landshut Siegfried"",""Heimann Eduard"",""Finkel Samuel B."",1936-05-22,Y,14131451,14131452,14131453,14131456"
"7515717,1936-05-22,""Hebrew University"",""Landshut Siegfried"",""Heimann Eduard"",""Finkel Samuel B."",1936-05-22,Y,14131451,14131452,14131453,14131457"
"7515717,1936-05-22,""Hebrew University"",""Landshut Siegfried"",""Heimann Eduard"",""Finkel Samuel B."",1936-05-22,Y,14131451,14131452,14131453,14131458"
"7515714,1936-05-26,""Hebrew University"",""Landshut Siegfried"",""Lederer W."",""Bergmann Samuel Hugo"",1936-05-26,Y,14131430,14131431,14131432,14131433"
"7515714,1936-05-26,""Hebrew University"",""Landshut Siegfried"",""Lederer W."",""Bergmann Samuel Hugo"",1936-05-26,Y,14131430,14131431,14131432,14131434"
"7515714,1936-05-26,""Hebrew University"",""Landshut Siegfried"",""Lederer W."",""Bergmann Samuel Hugo"",1936-05-26,Y,14131430,14131431,14131432,14131435"
"7515714,1936-05-26,""Hebrew University"",""Landshut Siegfried"",""Lederer W."",""Bergmann Samuel Hugo"",1936-05-26,Y,14131430,14131431,14131432,14131436"
"7515714,1936-05-26,""Hebrew University"",""Landshut Siegfried"",""Lederer W."",""Bergmann Samuel Hugo"",1936-05-26,Y,14131430,14131431,14131432,14131437"
"7445685,1937-02-24,""Hebrew University"",""Buber Martin"",""Ben David M."",""Magnes Judah Leon"",1937-02-24,Y,14096801,14096800,14097216,14096807"
"7445685,1937-02-24,""Hebrew University"",""Buber Martin"",""Ben David M."",""Magnes Judah Leon"",1937-02-24,Y,14096801,14096800,14097216,14096808"
"7445685,1937-02-24,""Hebrew University"",""Buber Martin"",""Ben David M."",""Magnes Judah Leon"",1937-02-24,Y,14096801,14096800,14097216,14096809"
"9372619,1937-07-16,""Hebrew Uni Abgelehnt"",""Engel Paul"",""Steinach L. C."",""Engel Paul"",1937-07-16,X,15980972,15980971,15980970,"
"7447881,1937-07-22,""Hebrew University"",""Brauer Dr."",""Bentwich Norman"",""Samuel Herbert"",1937-07-22,X,14096987,14096986,14096984,14096985"
"7447881,1937-07-22,""Hebrew University"",""Brauer Dr."",""Bentwich Norman"",""Samuel Herbert"",1937-07-22,X,14096987,14096986,14096984,16005092"
"7447881,1937-07-22,""Hebrew University"",""Brauer Dr."",""Bentwich Norman"",""Samuel Herbert"",1937-07-22,X,14096987,14096986,14096984,16005093"
"7447881,1937-07-22,""Hebrew University"",""Brauer Dr."",""Bentwich Norman"",""Samuel Herbert"",1937-07-22,X,14096987,14096986,14096984,16005094"
"7447881,1937-07-22,""Hebrew University"",""Brauer Dr."",""Bentwich Norman"",""Samuel Herbert"",1937-07-22,X,14096987,14096986,14096984,16005099"
"7512455,1937-07-26,""Hebrew University"",""Fischel Walter Joseph"",""Schloessinger M"",""Fischel Walter Joseph"",1937-07-26,I,14128795,14128794,14128793,"
"9372616,1937-09-07,""Hebrew Uni Abgelehnt"",""Engel Paul"",""Frankl Oskar"",""Engel Paul"",1937-09-07,X,15980966,15980965,15980964,"
"9371413,1938-01-19,""Hebrew Uni Abgelehnt"",""Anigstein Ludwig"",E.,""Magnes Judah Leon"",1938-01-19,Y,15978703,15978702,15978701,"
"7445739,1938-01-22,""Hebrew University"",""Samson Otto"",""Seligman C. G."",""Bentwich Norman"",1938-01-22,Y,14096852,14096851,14096849,14096850"
"7530040,1938-01-26,""Hebrew University"",""Gershom Scholem"",""Senator David Werner"",""Finkel Samuel B."",1938-01-26,I,14133056,14133057,14133058,"
"7530039,1938-01-26,""Hebrew University"",""Gershom Scholem"",""Senator David Werner"",""Karpf Maurice Joseph"",1938-01-26,I,14133053,14133054,14133055,"
"7530038,1938-01-27,""Hebrew University"",""Gershom Scholem"",""Senator David Werner"",Waldman,1938-01-27,I,14133050,14133051,14133052,"
"7530037,1938-01-27,""Hebrew University"",""Gershom Scholem"",""Senator David Werner"",Lowenstein,1938-01-27,I,14133047,14133048,14133049,"
"7530036,1938-01-27,""Hebrew University"",""Gershom Scholem"",""Senator David Werner"",""Billikopf Jacob"",1938-01-27,I,14133044,14133045,14133046,"
"9372534,1938-01-28,""Hebrew Uni Abgelehnt"",Kahn,""Bentwich Norman"",""Senator David Werner"",1938-01-28,Y,15980862,15980861,15980860,15980854"
"9372534,1938-01-28,""Hebrew Uni Abgelehnt"",Kahn,""Bentwich Norman"",""Senator David Werner"",1938-01-28,Y,15980862,15980861,15980860,15980855"
"9372534,1938-01-28,""Hebrew Uni Abgelehnt"",Kahn,""Bentwich Norman"",""Senator David Werner"",1938-01-28,Y,15980862,15980861,15980860,15980856"
"9372534,1938-01-28,""Hebrew Uni Abgelehnt"",Kahn,""Bentwich Norman"",""Senator David Werner"",1938-01-28,Y,15980862,15980861,15980860,15980857"
"9372534,1938-01-28,""Hebrew Uni Abgelehnt"",Kahn,""Bentwich Norman"",""Senator David Werner"",1938-01-28,Y,15980862,15980861,15980860,15980858"
"9372534,1938-01-28,""Hebrew Uni Abgelehnt"",Kahn,""Bentwich Norman"",""Senator David Werner"",1938-01-28,Y,15980862,15980861,15980860,15980859"
"9372530,1938-01-28,""Hebrew Uni Abgelehnt"",Feinberg,""Bentwich Norman"",""Senator David Werner"",1938-01-28,Y,15980850,15980849,15980848,15980842"
"9372530,1938-01-28,""Hebrew Uni Abgelehnt"",Feinberg,""Bentwich Norman"",""Senator David Werner"",1938-01-28,Y,15980850,15980849,15980848,15980843"
"9372530,1938-01-28,""Hebrew Uni Abgelehnt"",Feinberg,""Bentwich Norman"",""Senator David Werner"",1938-01-28,Y,15980850,15980849,15980848,15980844"
"9372530,1938-01-28,""Hebrew Uni Abgelehnt"",Feinberg,""Bentwich Norman"",""Senator David Werner"",1938-01-28,Y,15980850,15980849,15980848,15980845"
"9372530,1938-01-28,""Hebrew Uni Abgelehnt"",Feinberg,""Bentwich Norman"",""Senator David Werner"",1938-01-28,Y,15980850,15980849,15980848,15980846"
"9372530,1938-01-28,""Hebrew Uni Abgelehnt"",Feinberg,""Bentwich Norman"",""Senator David Werner"",1938-01-28,Y,15980850,15980849,15980848,15980847"
"7530035,1938-01-30,""Hebrew University"",""Gershom Scholem"",""Senator David Werner"",""Hyman Joseph C."",1938-01-30,I,14133041,14133042,14133043,"
"7530034,1938-02-03,""Hebrew University"",""Gershom Scholem"",""Magnes Judah Leon"",""Morgenstern Julian"",1938-02-03,I,14133038,14133039,14133040,"
"7530033,1938-02-03,""Hebrew University"",""Gershom Scholem"",""Magnes Judah Leon"",""Finkelstein Louis"",1938-02-03,I,14133035,14133036,14133037,"
"7530032,1938-02-03,""Hebrew University"",""Gershom Scholem"",""Magnes Judah Leon"",""Coffin Henry Sloan"",1938-02-03,I,14133032,14133033,14133034,"
"7530031,1938-02-03,""Hebrew University"",""Gershom Scholem"",""Magnes Judah Leon"",""Adler Cyrus"",1938-02-03,I,14133029,14133030,14133031,"
"7530030,1938-02-03,""Hebrew University"",""Gershom Scholem"",""Magnes Judah Leon"",""Levi Felix"",1938-02-03,I,14133026,14133027,14133028,"
"7530029,1938-02-03,""Hebrew University"",""Gershom Scholem"",""Magnes Judah Leon"",""Wolfson Harry Austryn"",1938-02-03,I,14133023,14133024,14133025,"
"7530028,1938-02-03,""Hebrew University"",""Gershom Scholem"",""Magnes Judah Leon"",""Haynes John"",1938-02-03,I,14133020,14133021,14133022,"
"7530027,1938-02-03,""Hebrew University"",""Gershom Scholem"",""Magnes Judah Leon"",""Edman Irwin"",1938-02-03,I,14133017,14133018,14133019,"
"7530026,1938-02-03,""Hebrew University"",""Gershom Scholem"",""Magnes Judah Leon"",""Sarton George"",1938-02-03,I,14133014,14133015,14133016,"
"7445732,1938-02-03,""Hebrew University"",""Lerner A. P."",""Bentwich Norman"",""Senator David Werner"",1938-02-03,Y,14096846,14096845,14096839,14096842"
"7445732,1938-02-03,""Hebrew University"",""Lerner A. P."",""Bentwich Norman"",""Senator David Werner"",1938-02-03,Y,14096846,14096845,14096839,14096843"
"7445732,1938-02-03,""Hebrew University"",""Lerner A. P."",""Bentwich Norman"",""Senator David Werner"",1938-02-03,Y,14096846,14096845,14096839,14096844"
"7445732,1938-02-03,""Hebrew University"",""Lerner A. P."",""Bentwich Norman"",""Senator David Werner"",1938-02-03,Y,14096846,14096845,14096840,14096842"
"7445732,1938-02-03,""Hebrew University"",""Lerner A. P."",""Bentwich Norman"",""Senator David Werner"",1938-02-03,Y,14096846,14096845,14096840,14096843"
"7445732,1938-02-03,""Hebrew University"",""Lerner A. P."",""Bentwich Norman"",""Senator David Werner"",1938-02-03,Y,14096846,14096845,14096840,14096844"
"7445732,1938-02-03,""Hebrew University"",""Lerner A. P."",""Bentwich Norman"",""Senator David Werner"",1938-02-03,Y,14096846,14096845,14096841,14096842"
"7445732,1938-02-03,""Hebrew University"",""Lerner A. P."",""Bentwich Norman"",""Senator David Werner"",1938-02-03,Y,14096846,14096845,14096841,14096843"
"7445732,1938-02-03,""Hebrew University"",""Lerner A. P."",""Bentwich Norman"",""Senator David Werner"",1938-02-03,Y,14096846,14096845,14096841,14096844"
"7445703,1938-02-09,""Hebrew University"",Stoyanovsky,""Bentwich Norman"",""Senator David Werner"",1938-02-09,Y,14096819,14096820,14097221,14096818"
"9371418,1938-04-14,""Hebrew Uni Abgelehnt"",""Mathisson Myron"",""Hadamard Jacques"",""Magnes Judah Leon"",1938-04-14,Y,15978709,15978708,15978707,15978704"
"9371418,1938-04-14,""Hebrew Uni Abgelehnt"",""Mathisson Myron"",""Hadamard Jacques"",""Magnes Judah Leon"",1938-04-14,Y,15978709,15978708,15978707,15978705"
"9371418,1938-04-14,""Hebrew Uni Abgelehnt"",""Mathisson Myron"",""Hadamard Jacques"",""Magnes Judah Leon"",1938-04-14,Y,15978709,15978708,15978707,15978706"
"9372605,1938-04-21,""Hebrew Uni Abgelehnt"",Elias,""Kligler Israel Jacob"",""Yassky Chaim"",1938-04-21,Y,15980953,15980952,15980951,"
"9372589,1938-05-01,""Hebrew Uni Abgelehnt"",""Altmann Franz"",""Hermann Hugo"",""Bergmann Samuel Hugo"",1938-05-01,Y,15980930,15980929,15980928,15980927"
"9372603,1938-06-02,""Hebrew Uni Abgelehnt"",Elias,""Senator David Werner"",Schmitz,1938-06-02,Z,15980950,15980949,15980948,15980947"
"9372600,1938-07-04,""Hebrew Uni Abgelehnt"",""Hess Leo"",""Cavalier de Anhauch Max"",""Senator David Werner"",1938-07-04,Y,15980943,15980942,15980941,15980940"
"9371967,1938-07-17,""Hebrew Uni Abgelehnt"",""Eisler Alfred"",""Eisler Alfred"",""Schaf I."",1938-07-17,Y,15979780,15979779,15979778,15979777"
"9372580,1938-07-20,""Hebrew Uni Abgelehnt"",""Popper Julius"",""Plaschkes Leopold"",""Torczyner Harry"",1938-07-20,X,15980920,15980919,15980918,15980914"
"9372580,1938-07-20,""Hebrew Uni Abgelehnt"",""Popper Julius"",""Plaschkes Leopold"",""Torczyner Harry"",1938-07-20,X,15980920,15980919,15980918,15980915"
"9372580,1938-07-20,""Hebrew Uni Abgelehnt"",""Popper Julius"",""Plaschkes Leopold"",""Torczyner Harry"",1938-07-20,X,15980920,15980919,15980918,15980917"
"9372580,1938-07-20,""Hebrew Uni Abgelehnt"",""Popper Julius"",""Plaschkes Leopold"",""Torczyner Harry"",1938-07-20,X,15980920,15980919,15980918,15980916"
"9372575,1938-07-20,""Hebrew Uni Abgelehnt"",""Eisenklamm Dorian"",""Plaschkes Leopold"",""Torczyner Harry"",1938-07-20,X,15980913,15980912,15980911,15980907"
"9372575,1938-07-20,""Hebrew Uni Abgelehnt"",""Eisenklamm Dorian"",""Plaschkes Leopold"",""Torczyner Harry"",1938-07-20,X,15980913,15980912,15980911,15980908"
"9372575,1938-07-20,""Hebrew Uni Abgelehnt"",""Eisenklamm Dorian"",""Plaschkes Leopold"",""Torczyner Harry"",1938-07-20,X,15980913,15980912,15980911,15980910"
"9372575,1938-07-20,""Hebrew Uni Abgelehnt"",""Eisenklamm Dorian"",""Plaschkes Leopold"",""Torczyner Harry"",1938-07-20,X,15980913,15980912,15980911,15980909"
"9372571,1938-07-20,""Hebrew Uni Abgelehnt"",""Borak Jonas"",""Plaschkes Leopold"",""Torczyner Harry"",1938-07-20,X,15980903,15980902,15980901,15980897"
"9372571,1938-07-20,""Hebrew Uni Abgelehnt"",""Borak Jonas"",""Plaschkes Leopold"",""Torczyner Harry"",1938-07-20,X,15980903,15980902,15980901,15980898"
"9372571,1938-07-20,""Hebrew Uni Abgelehnt"",""Borak Jonas"",""Plaschkes Leopold"",""Torczyner Harry"",1938-07-20,X,15980903,15980902,15980901,15980900"
"9372571,1938-07-20,""Hebrew Uni Abgelehnt"",""Borak Jonas"",""Plaschkes Leopold"",""Torczyner Harry"",1938-07-20,X,15980903,15980902,15980901,15980899"
"9371997,1938-08-11,""Hebrew Uni Abgelehnt"",""Oppenheimer Heinz"",""Oppenheimer Franz"",""Magnes Judah Leon"",1938-08-11,X,15979816,15979815,15979814,"
"9372546,1938-08-27,""Hebrew Uni Abgelehnt"",""Eisenklamm Dorian"",""Grünbaum Oskar"",""Torczyner Harry"",1938-08-27,X,15980877,15980876,15980875,"
"9371420,1938-09-13,""Hebrew Uni Abgelehnt"",""Ostrowski Siegfried"",""Ostrowski Siegfried"",""Senator David Werner"",1938-09-13,Z,15978715,15978714,15978713,"
"9372540,1938-09-30,""Hebrew Uni Abgelehnt"",""Eisenklamm Dorian"",""Eisenklamm Dorian"",""Torczyner Harry"",1938-09-30,I,15980871,15980870,15980869,15980867"
"9372540,1938-09-30,""Hebrew Uni Abgelehnt"",""Eisenklamm Dorian"",""Eisenklamm Dorian"",""Torczyner Harry"",1938-09-30,I,15980871,15980870,15980869,15980868"
"9371992,1938-10-06,""Hebrew Uni Abgelehnt"",""Isserlin Max"",""Isserlin Aron"",""Senator David Werner"",1938-10-06,X,15979810,15979809,15979808,"
"7512457,1938-11-20,""Hebrew University"",""Bodenheimer Friedrich Simon"",""Magnes Judah Leon"",""Bodenheimer Friedrich Simon"",1938-11-20,Y,14128801,14128800,14128799,"
"9372022,1938-11-29,""Hebrew Uni Abgelehnt"",Ascher,Ascher,""Magnes Judah Leon"",1938-11-29,Y,15979841,15979840,15979839,15979835"
"9372022,1938-11-29,""Hebrew Uni Abgelehnt"",Ascher,Ascher,""Magnes Judah Leon"",1938-11-29,Y,15979841,15979840,15979839,15979834"
"9372022,1938-11-29,""Hebrew Uni Abgelehnt"",Ascher,Ascher,""Magnes Judah Leon"",1938-11-29,Y,15979841,15979840,15979839,15979833"
"9372022,1938-11-29,""Hebrew Uni Abgelehnt"",Ascher,Ascher,""Magnes Judah Leon"",1938-11-29,Y,15979841,15979840,15979839,15979837"
"9372022,1938-11-29,""Hebrew Uni Abgelehnt"",Ascher,Ascher,""Magnes Judah Leon"",1938-11-29,Y,15979841,15979840,15979839,15979836"
"9372022,1938-11-29,""Hebrew Uni Abgelehnt"",Ascher,Ascher,""Magnes Judah Leon"",1938-11-29,Y,15979841,15979840,15979839,15979838"
"9372007,1938-12-23,""Hebrew Uni Abgelehnt"",Aszkenazy,""Jerusalem E."",""Senator David Werner"",1938-12-23,Y,15979825,15979824,15979823,15979821"
"9372007,1938-12-23,""Hebrew Uni Abgelehnt"",Aszkenazy,""Jerusalem E."",""Senator David Werner"",1938-12-23,Y,15979825,15979824,15979823,15979822"
"9372007,1938-12-23,""Hebrew Uni Abgelehnt"",Aszkenazy,""Jerusalem E."",""Senator David Werner"",1938-12-23,Y,15979825,15979824,15979823,15979820"
"9372658,1939-02-03,""Hebrew Uni Abgelehnt"",""Opet Otto"",""Fuß geb. Opet Meta"",""Ney Erich"",1939-02-03,X,15981029,15981028,15981027,15981025"
"9372658,1939-02-03,""Hebrew Uni Abgelehnt"",""Opet Otto"",""Fuß geb. Opet Meta"",""Ney Erich"",1939-02-03,X,15981029,15981028,15981027,15981026"
"9372652,1939-04-13,""Hebrew Uni Abgelehnt"",Aescoly,""Weizmann Chaim"",""Senator David Werner"",1939-04-13,X,15981024,15981023,15981022,"
"9372651,1939-06-09,""Hebrew Uni Abgelehnt"",Aescoly,""Mauss Marcel"",""""""Cher Ami"""""",1939-06-09,X,15981021,15981020,15981019,15981018"
"9372642,1939-06-15,""Hebrew Uni Abgelehnt"",""Pick Ernest"",""von Idelson"",""Magnes Judah Leon"",1939-06-15,Z,15981008,15981007,15981006,15981005"
"9372639,1939-06-15,""Hebrew Uni Abgelehnt"",Elias,""von Idelson"",""Magnes Judah Leon"",1939-06-15,Z,15981004,15981003,15981002,15981001"
"9372637,1939-06-15,""Hebrew Uni Abgelehnt"",""Loewi Otto"",""von Idelson"",""Magnes Judah Leon"",1939-06-15,Z,15980997,15980996,15980995,15980994"
"9372648,1939-07-17,""Hebrew Uni Abgelehnt"",Aescoly,""Hadamard Jacques"",""Fraenkel Adolf Abraham"",1939-07-17,Y,15981017,15981016,15981015,15981013"
"9372648,1939-07-17,""Hebrew Uni Abgelehnt"",Aescoly,""Hadamard Jacques"",""Fraenkel Adolf Abraham"",1939-07-17,Y,15981017,15981016,15981015,15981014"
"9372633,1939-08-23,""Hebrew Uni Abgelehnt"",""Eisinger Karl"",""Kapp Ivonne"",""Yassky Chaim"",1939-08-23,Y,15980992,15980991,15980990,"
"9372631,1939-09-06,""Hebrew Uni Abgelehnt"",""Eisinger Karl"",""Jerusalem L."",""Senator David Werner"",1939-09-06,Y,15980989,15980988,15980987,15980986"
"7516700,1940-04-21,""Hebrew University"",""Frankel Max"",""Ben David M."",""Finkel Samuel B."",1940-04-21,Z,14132451,14132452,14132453,"
"7516699,1940-06-03,""Hebrew University"",""Frankel Max"",""Finkel Samuel B."",""Ben David M."",1940-06-03,Y,14132448,14132449,14132450,"
"7529989,1944-01-07,""Hebrew University"",""Polotsky Hans Jakob"",""Bentwich Norman"",Athill,1944-01-07,X,14132888,14132889,14132890,"
"7445617,1945-01-16,""Hebrew University"",""Baneth Hartwig"",""Skoss Solomon L."",""Mayer L.A."",1945-01-16,X,14096730,14096729,14097182,"
"7445623,1945-03-09,""Hebrew University"",""Baneth Hartwig"",""Della Vida G. Levi"",""Mayer L.A."",1945-03-09,X,14096740,14096739,14097189,14151626"
"7445623,1945-03-09,""Hebrew University"",""Baneth Hartwig"",""Della Vida G. Levi"",""Mayer L.A."",1945-03-09,X,14096740,14096739,14097189,14151627"
"7445623,1945-03-09,""Hebrew University"",""Baneth Hartwig"",""Della Vida G. Levi"",""Mayer L.A."",1945-03-09,X,14096740,14096739,14097189,14151628"
"7515711,1945-05-20,""Hebrew University"",""Farkas Ladislaus"",""Senator David Werner"",""Hartog Philip"",1945-05-20,I,14131416,14131417,14131418,14131419"
"7515710,1945-05-20,""Hebrew University"",""Farkas Ladislaus"",""Senator David Werner"",Rosen,1945-05-20,I,14131412,14131413,14131414,14131415"
"7445417,1945-05-25,""Hebrew University"",""Aschner Manfred"",""Senator David Werner"",""Weizmann Chaim"",1945-05-25,Y,14096638,14096637,14097152,"
"7515709,1945-07-12,""Hebrew University"",""Farkas Ladislaus"",""Senator David Werner"",""Hadi Abdul"",1945-07-12,I,14131408,14131409,14131410,"
